{
  "dice": 0.9767445832936795,
  "iou": 0.9545462133370853,
  "mae_dicke": 5.565625,
  "bias_dicke": -4.81484375,
  "max_abs_err": 35,
  "abdeckung": 0.9622728146937205,
  "laufzeit_ms": 45918.2
}