{
  "dice": 0.9444979943840137,
  "iou": 0.8948329698651863,
  "mae_dicke": 14.534765625,
  "bias_dicke": -11.961328125,
  "max_abs_err": 96,
  "abdeckung": 0.9081290303109564,
  "laufzeit_ms": 45703.9
}