{
  "dice": 0.978725898142179,
  "iou": 0.958338115459658,
  "mae_dicke": 5.441796875,
  "bias_dicke": -2.166015625,
  "max_abs_err": 44,
  "abdeckung": 0.9717086037911505,
  "laufzeit_ms": 45461.1
}