{
  "dice": 0.25236171178973077,
  "iou": 0.14440156953082703,
  "mae_dicke": 1016.748046875,
  "bias_dicke": -1016.748046875,
  "max_abs_err": 1071,
  "abdeckung": 0.14440185432997488,
  "laufzeit_ms": 45427.5
}