{
  "dice": 0.9368859840454706,
  "iou": 0.8812657626419088,
  "mae_dicke": 17.903125,
  "bias_dicke": -10.5640625,
  "max_abs_err": 80,
  "abdeckung": 0.9056449763384964,
  "laufzeit_ms": 45406.0
}