{
  "dice": 0.9574889535959153,
  "iou": 0.918444899839254,
  "mae_dicke": 10.909765625,
  "bias_dicke": -6.940234375,
  "max_abs_err": 89,
  "abdeckung": 0.9370935719629395,
  "laufzeit_ms": 45367.2
}