{
  "dice": 0.8609668454398697,
  "iou": 0.7558751402388777,
  "mae_dicke": 17.390234375,
  "bias_dicke": 12.270703125,
  "max_abs_err": 123,
  "abdeckung": 0.94488262269853,
  "laufzeit_ms": 45567.2
}