{
  "dice": 0.981494629560327,
  "iou": 0.9636617125903134,
  "mae_dicke": 3.6390625,
  "bias_dicke": -2.61640625,
  "max_abs_err": 41,
  "abdeckung": 0.9701312978365934,
  "laufzeit_ms": 45768.3
}