{
  "dice": 0.9788696915989809,
  "iou": 0.9586138845803001,
  "mae_dicke": 3.66796875,
  "bias_dicke": -2.1890625,
  "max_abs_err": 46,
  "abdeckung": 0.9690286284260644,
  "laufzeit_ms": 45062.3
}