{
  "dice": 0.9672035731645495,
  "iou": 0.9364900458923147,
  "mae_dicke": 5.673828125,
  "bias_dicke": -5.276171875,
  "max_abs_err": 34,
  "abdeckung": 0.9406969147300034,
  "laufzeit_ms": 45937.4
}