{
  "dice": 0.9620518522906973,
  "iou": 0.926878528964954,
  "mae_dicke": 5.53125,
  "bias_dicke": 3.13125,
  "max_abs_err": 64,
  "abdeckung": 0.9799510730052037,
  "laufzeit_ms": 44992.9
}