{
  "dice": 0.971281146584098,
  "iou": 0.9441657877260831,
  "mae_dicke": 4.712890625,
  "bias_dicke": -3.855078125,
  "max_abs_err": 35,
  "abdeckung": 0.9523954007045528,
  "laufzeit_ms": 45477.1
}