{
  "dice": 0.9709902599300773,
  "iou": 0.9436161992636698,
  "mae_dicke": 3.423046875,
  "bias_dicke": -0.213671875,
  "max_abs_err": 102,
  "abdeckung": 0.9697497676113247,
  "laufzeit_ms": 45688.9
}