{
  "dice": 0.9728789708584931,
  "iou": 0.9471901978987318,
  "mae_dicke": 4.492578125,
  "bias_dicke": -4.210546875,
  "max_abs_err": 63,
  "abdeckung": 0.9513415375515502,
  "laufzeit_ms": 45261.5
}