{
  "dice": 0.9474857270217909,
  "iou": 0.9002117608731064,
  "mae_dicke": 5.023828125,
  "bias_dicke": -0.991015625,
  "max_abs_err": 79,
  "abdeckung": 0.9393144146961642,
  "laufzeit_ms": 45335.7
}