{
  "dice": 0.9834320155059342,
  "iou": 0.967404079713741,
  "mae_dicke": 2.828125,
  "bias_dicke": -1.71953125,
  "max_abs_err": 26,
  "abdeckung": 0.9752898338110607,
  "laufzeit_ms": 45624.7
}