{
  "dice": 0.9794211485430158,
  "iou": 0.9596721969544916,
  "mae_dicke": 3.648046875,
  "bias_dicke": -2.511328125,
  "max_abs_err": 42,
  "abdeckung": 0.9674023004302331,
  "laufzeit_ms": 45410.4
}