{
  "dice": 0.9735701592866275,
  "iou": 0.9485014178952481,
  "mae_dicke": 4.36171875,
  "bias_dicke": -0.83984375,
  "max_abs_err": 48,
  "abdeckung": 0.9693806067835826,
  "laufzeit_ms": 45161.3
}