{
  "dice": 0.08545507084399039,
  "iou": 0.0446346646362912,
  "mae_dicke": 1495.9015625,
  "bias_dicke": -1495.9015625,
  "max_abs_err": 1571,
  "abdeckung": 0.04463483166389709,
  "laufzeit_ms": 45515.7
}