{
  "dice": 0.9689688647714132,
  "iou": 0.939805629203027,
  "mae_dicke": 4.173046875,
  "bias_dicke": -1.526171875,
  "max_abs_err": 87,
  "abdeckung": 0.9604771453821963,
  "laufzeit_ms": 45806.4
}