{
  "dice": 0.9744977075459665,
  "iou": 0.9502638021549298,
  "mae_dicke": 4.061328125,
  "bias_dicke": 0.875390625,
  "max_abs_err": 39,
  "abdeckung": 0.9794089866414789,
  "laufzeit_ms": 45768.7
}