{
  "dice": 0.7151518906193604,
  "iou": 0.5566042284672068,
  "mae_dicke": 72.7328125,
  "bias_dicke": -72.1203125,
  "max_abs_err": 227,
  "abdeckung": 0.5727379801884513,
  "laufzeit_ms": 42466.6
}