{
  "dice": 0.7153905395962931,
  "iou": 0.5568934074107406,
  "mae_dicke": 51.867578125,
  "bias_dicke": -46.350390625,
  "max_abs_err": 160,
  "abdeckung": 0.5953008816505766,
  "laufzeit_ms": 42247.7
}