{
  "dice": 0.7363281597058482,
  "iou": 0.5826893788615635,
  "mae_dicke": 68.188671875,
  "bias_dicke": -68.060546875,
  "max_abs_err": 257,
  "abdeckung": 0.5946965766203371,
  "laufzeit_ms": 42369.0
}