{
  "dice": 0.5533074551524736,
  "iou": 0.38246374955280443,
  "mae_dicke": 100.940625,
  "bias_dicke": -99.90234375,
  "max_abs_err": 242,
  "abdeckung": 0.3928234440210488,
  "laufzeit_ms": 42223.9
}