{
  "dice": 0.5797154819203507,
  "iou": 0.4081685567509935,
  "mae_dicke": 84.290234375,
  "bias_dicke": -84.187109375,
  "max_abs_err": 263,
  "abdeckung": 0.4228825495015327,
  "laufzeit_ms": 42179.5
}