{
  "dice": 0.7912044579575996,
  "iou": 0.6545395233843829,
  "mae_dicke": 38.2953125,
  "bias_dicke": -19.84921875,
  "max_abs_err": 183,
  "abdeckung": 0.727288336067763,
  "laufzeit_ms": 42239.5
}