{
  "dice": 0.7533183379530014,
  "iou": 0.6042587782321949,
  "mae_dicke": 60.496484375,
  "bias_dicke": -60.276171875,
  "max_abs_err": 228,
  "abdeckung": 0.6167179417274016,
  "laufzeit_ms": 42311.7
}