{
  "dice": 0.6883422773077682,
  "iou": 0.524788033798114,
  "mae_dicke": 31.27421875,
  "bias_dicke": -29.13828125,
  "max_abs_err": 157,
  "abdeckung": 0.5562694844278909,
  "laufzeit_ms": 42270.7
}