{
  "dice": 0.69513566087308,
  "iou": 0.5327263839076121,
  "mae_dicke": 31.89453125,
  "bias_dicke": -31.4296875,
  "max_abs_err": 160,
  "abdeckung": 0.5542993261686291,
  "laufzeit_ms": 42356.6
}