{
  "dice": 0.13158635546585762,
  "iou": 0.07042677934342878,
  "mae_dicke": 1075.62734375,
  "bias_dicke": -1075.62734375,
  "max_abs_err": 1224,
  "abdeckung": 0.07062352403571455,
  "laufzeit_ms": 42263.4
}