{
  "dice": 0.11074977410396804,
  "iou": 0.05862101937896645,
  "mae_dicke": 1031.522265625,
  "bias_dicke": -1031.522265625,
  "max_abs_err": 1162,
  "abdeckung": 0.05880277887509272,
  "laufzeit_ms": 42390.3
}