{
  "dice": 0.8760889865843771,
  "iou": 0.7795003128600883,
  "mae_dicke": 12.97109375,
  "bias_dicke": -10.46640625,
  "max_abs_err": 103,
  "abdeckung": 0.8331932343137828,
  "laufzeit_ms": 42300.6
}