{
  "dice": 0.8755955389935447,
  "iou": 0.7787193748856158,
  "mae_dicke": 14.3046875,
  "bias_dicke": -9.6921875,
  "max_abs_err": 85,
  "abdeckung": 0.8295562911381139,
  "laufzeit_ms": 42294.1
}