{
  "dice": 0.9225758277404674,
  "iou": 0.8562791252452382,
  "mae_dicke": 8.994921875,
  "bias_dicke": -7.768359375,
  "max_abs_err": 93,
  "abdeckung": 0.8836390028989444,
  "laufzeit_ms": 42248.5
}