{
  "dice": 0.818639045211103,
  "iou": 0.6929626731716297,
  "mae_dicke": 19.66328125,
  "bias_dicke": -18.203125,
  "max_abs_err": 122,
  "abdeckung": 0.726588326134691,
  "laufzeit_ms": 42181.5
}