{
  "dice": 0.1637419554101114,
  "iou": 0.08917153876740765,
  "mae_dicke": 933.897265625,
  "bias_dicke": -933.897265625,
  "max_abs_err": 995,
  "abdeckung": 0.08949254718748981,
  "laufzeit_ms": 42336.9
}