{
  "dice": 0.7656751776783364,
  "iou": 0.6203190309647701,
  "mae_dicke": 20.914453125,
  "bias_dicke": -14.536328125,
  "max_abs_err": 119,
  "abdeckung": 0.6865558912386707,
  "laufzeit_ms": 42295.0
}