{
  "dice": 0.0791603401221651,
  "iou": 0.04121132116107998,
  "mae_dicke": 1612.83828125,
  "bias_dicke": -1612.83828125,
  "max_abs_err": 1722,
  "abdeckung": 0.041222696394093546,
  "laufzeit_ms": 42057.2
}