{
  "dice": 0.9238187117613684,
  "iou": 0.8584229458898764,
  "mae_dicke": 8.929296875,
  "bias_dicke": -7.308984375,
  "max_abs_err": 98,
  "abdeckung": 0.8897200391377079,
  "laufzeit_ms": 42321.3
}