{
  "dice": 0.8455391082108431,
  "iou": 0.7324103520738985,
  "mae_dicke": 19.13671875,
  "bias_dicke": -14.884375,
  "max_abs_err": 118,
  "abdeckung": 0.7811782097125392,
  "laufzeit_ms": 42277.1
}