{
  "dice": 0.04757207078207647,
  "iou": 0.02436559632761053,
  "mae_dicke": 1705.388671875,
  "bias_dicke": -1705.388671875,
  "max_abs_err": 1868,
  "abdeckung": 0.024368122549613278,
  "laufzeit_ms": 42292.3
}