{
  "dice": 0.8440619241506394,
  "iou": 0.7301964887093448,
  "mae_dicke": 16.197265625,
  "bias_dicke": -4.370703125,
  "max_abs_err": 103,
  "abdeckung": 0.8237222284439314,
  "laufzeit_ms": 42335.0
}