{
  "dice": 0.936089865584641,
  "iou": 0.8798580211843193,
  "mae_dicke": 15.74375,
  "bias_dicke": -15.03125,
  "max_abs_err": 85,
  "abdeckung": 0.8851307762825809,
  "laufzeit_ms": 45576.4
}