{
  "dice": 0.9435463738390731,
  "iou": 0.893126163301507,
  "mae_dicke": 14.948828125,
  "bias_dicke": -6.969140625,
  "max_abs_err": 145,
  "abdeckung": 0.9253895868567287,
  "laufzeit_ms": 45658.8
}