{
  "dice": 0.9487903015101635,
  "iou": 0.9025699657006512,
  "mae_dicke": 10.01171875,
  "bias_dicke": -6.496875,
  "max_abs_err": 54,
  "abdeckung": 0.9237030536584125,
  "laufzeit_ms": 45395.7
}