{
  "dice": 0.9425879356680841,
  "iou": 0.8914102339693097,
  "mae_dicke": 17.17265625,
  "bias_dicke": -15.8375,
  "max_abs_err": 101,
  "abdeckung": 0.8976786381594565,
  "laufzeit_ms": 45302.2
}