{
  "dice": 0.8953772679182883,
  "iou": 0.8105729149995937,
  "mae_dicke": 28.67734375,
  "bias_dicke": -23.9359375,
  "max_abs_err": 112,
  "abdeckung": 0.8265067621340577,
  "laufzeit_ms": 45423.9
}