{
  "dice": 0.932088174042882,
  "iou": 0.8728137954718277,
  "mae_dicke": 19.215234375,
  "bias_dicke": -16.375390625,
  "max_abs_err": 134,
  "abdeckung": 0.8877744510978044,
  "laufzeit_ms": 45392.1
}