{
  "dice": 0.9684096597443009,
  "iou": 0.9387540983606557,
  "mae_dicke": 9.21640625,
  "bias_dicke": -7.36328125,
  "max_abs_err": 70,
  "abdeckung": 0.9482573992912577,
  "laufzeit_ms": 45521.1
}