{
  "dice": 0.952238369206812,
  "iou": 0.90883111312822,
  "mae_dicke": 6.540625,
  "bias_dicke": -5.62421875,
  "max_abs_err": 86,
  "abdeckung": 0.9177150166695205,
  "laufzeit_ms": 45692.1
}