{
  "dice": 0.14449698287610396,
  "iou": 0.077874830459764,
  "mae_dicke": 1013.954296875,
  "bias_dicke": -1013.954296875,
  "max_abs_err": 1086,
  "abdeckung": 0.07787521776570258,
  "laufzeit_ms": 45049.3
}