{
  "dice": 0.08302690783204948,
  "iou": 0.04331146231069544,
  "mae_dicke": 1672.448046875,
  "bias_dicke": -1672.448046875,
  "max_abs_err": 1837,
  "abdeckung": 0.043311597800735326,
  "laufzeit_ms": 45718.6
}