{
  "dice": 0.9738184877938273,
  "iou": 0.9489729411517356,
  "mae_dicke": 4.276953125,
  "bias_dicke": -3.012109375,
  "max_abs_err": 59,
  "abdeckung": 0.9578825396960141,
  "laufzeit_ms": 45261.7
}