{
  "dice": 0.08084385771930129,
  "iou": 0.04212469008552247,
  "mae_dicke": 1611.7796875,
  "bias_dicke": -1611.7796875,
  "max_abs_err": 1697,
  "abdeckung": 0.04212481721374669,
  "laufzeit_ms": 45467.0
}