{
  "dice": 0.9760207277001347,
  "iou": 0.9531645357507917,
  "mae_dicke": 3.39375,
  "bias_dicke": -2.20703125,
  "max_abs_err": 34,
  "abdeckung": 0.9643346062396426,
  "laufzeit_ms": 45395.4
}