{
  "dice": 0.9738429007753152,
  "iou": 0.9490193085552927,
  "mae_dicke": 3.04375,
  "bias_dicke": -1.0140625,
  "max_abs_err": 57,
  "abdeckung": 0.9668229074106984,
  "laufzeit_ms": 45515.3
}