{
  "dice": 0.9754145141812962,
  "iou": 0.9520089125622182,
  "mae_dicke": 3.077734375,
  "bias_dicke": -2.414453125,
  "max_abs_err": 27,
  "abdeckung": 0.960866732620708,
  "laufzeit_ms": 45011.1
}