{
  "dice": 0.14636595668239327,
  "iou": 0.0789616252517836,
  "mae_dicke": 1069.1859375,
  "bias_dicke": -1069.1859375,
  "max_abs_err": 1168,
  "abdeckung": 0.0789619440969168,
  "laufzeit_ms": 45304.0
}