{
  "dice": 0.9851903571222547,
  "iou": 0.9708129638268929,
  "mae_dicke": 2.354296875,
  "bias_dicke": -1.646484375,
  "max_abs_err": 20,
  "abdeckung": 0.9769987059306252,
  "laufzeit_ms": 45400.7
}