{
  "dice": 0.9692102548012815,
  "iou": 0.940259892296886,
  "mae_dicke": 4.729296875,
  "bias_dicke": -1.319921875,
  "max_abs_err": 66,
  "abdeckung": 0.9626680516989952,
  "laufzeit_ms": 45242.5
}