{
  "dice": 0.9812871052877729,
  "iou": 0.9632616906895769,
  "mae_dicke": 3.262890625,
  "bias_dicke": -0.778515625,
  "max_abs_err": 47,
  "abdeckung": 0.9777132916203731,
  "laufzeit_ms": 45508.6
}