{
  "dice": 0.9571103176159517,
  "iou": 0.9177483810444794,
  "mae_dicke": 5.544921875,
  "bias_dicke": -0.106640625,
  "max_abs_err": 43,
  "abdeckung": 0.956547583153143,
  "laufzeit_ms": 45290.7
}