{
  "dice": 0.17723289539004886,
  "iou": 0.09723288013142767,
  "mae_dicke": 929.59375,
  "bias_dicke": -929.59375,
  "max_abs_err": 983,
  "abdeckung": 0.09723631033622059,
  "laufzeit_ms": 45409.8
}