{
  "dice": 0.9669534821896246,
  "iou": 0.9360212396235165,
  "mae_dicke": 4.069921875,
  "bias_dicke": -3.458203125,
  "max_abs_err": 36,
  "abdeckung": 0.9449343059685368,
  "laufzeit_ms": 45503.6
}